{"assets/10_ders.pdf":["assets/10_ders.pdf"],"assets/11_ders.pdf":["assets/11_ders.pdf"],"assets/12_ders.pdf":["assets/12_ders.pdf"],"assets/13_ders.pdf":["assets/13_ders.pdf"],"assets/14_ders.pdf":["assets/14_ders.pdf"],"assets/15_ders.pdf":["assets/15_ders.pdf"],"assets/16_ders.pdf":["assets/16_ders.pdf"],"assets/17_ders.pdf":["assets/17_ders.pdf"],"assets/18_ders.pdf":["assets/18_ders.pdf"],"assets/19_ders.pdf":["assets/19_ders.pdf"],"assets/1ders.pdf":["assets/1ders.pdf"],"assets/2_ders.pdf":["assets/2_ders.pdf"],"assets/3_ders.pdf":["assets/3_ders.pdf"],"assets/4_ders.pdf":["assets/4_ders.pdf"],"assets/5_ders.pdf":["assets/5_ders.pdf"],"assets/6_ders.pdf":["assets/6_ders.pdf"],"assets/7_ders.pdf":["assets/7_ders.pdf"],"assets/8_ders.pdf":["assets/8_ders.pdf"],"assets/9_ders.pdf":["assets/9_ders.pdf"],"assets/aboutusnew.png":["assets/aboutusnew.png"],"assets/comingsoon.png":["assets/comingsoon.png"],"assets/contactusnew.png":["assets/contactusnew.png"],"assets/ders1.png":["assets/ders1.png"],"assets/ders2.png":["assets/ders2.png"],"assets/ders3.png":["assets/ders3.png"],"assets/logo.png":["assets/logo.png"],"assets/logo_seffaf.png":["assets/logo_seffaf.png"],"assets/robot.gif":["assets/robot.gif"],"assets/robot2.gif":["assets/robot2.gif"],"assets/yellowclass.png":["assets/yellowclass.png"],"assets/yellowoffice.png":["assets/yellowoffice.png"],"packages/cupertino_icons/assets/CupertinoIcons.ttf":["packages/cupertino_icons/assets/CupertinoIcons.ttf"],"packages/floating_bottom_bar/assets/images/ic_dot.svg":["packages/floating_bottom_bar/assets/images/ic_dot.svg"],"packages/flutter_inappwebview/assets/t_rex_runner/t-rex.css":["packages/flutter_inappwebview/assets/t_rex_runner/t-rex.css"],"packages/flutter_inappwebview/assets/t_rex_runner/t-rex.html":["packages/flutter_inappwebview/assets/t_rex_runner/t-rex.html"],"packages/font_awesome_flutter/lib/fonts/fa-brands-400.ttf":["packages/font_awesome_flutter/lib/fonts/fa-brands-400.ttf"],"packages/font_awesome_flutter/lib/fonts/fa-regular-400.ttf":["packages/font_awesome_flutter/lib/fonts/fa-regular-400.ttf"],"packages/font_awesome_flutter/lib/fonts/fa-solid-900.ttf":["packages/font_awesome_flutter/lib/fonts/fa-solid-900.ttf"],"packages/youtube_player_flutter/assets/speedometer.webp":["packages/youtube_player_flutter/assets/speedometer.webp"]}